passport_id,product_id,qr_text,nfc_tag_uid,c2pa_ref
PS-P0001,P0001,tohfa://passport/P0001,CF1CB80B2B73A41B,c2pa://p0001
PS-P0002,P0002,tohfa://passport/P0002,A5EF542E196161A9,c2pa://p0002
PS-P0003,P0003,tohfa://passport/P0003,CF8169B1A83BDCEC,c2pa://p0003
PS-P0004,P0004,tohfa://passport/P0004,A5FFB82D2D59A32A,c2pa://p0004
PS-P0005,P0005,tohfa://passport/P0005,99ED5EBE1BD812CB,c2pa://p0005
PS-P0006,P0006,tohfa://passport/P0006,504E1427BBC14EBB,c2pa://p0006
PS-P0007,P0007,tohfa://passport/P0007,E24BCA87305FC388,c2pa://p0007
PS-P0008,P0008,tohfa://passport/P0008,E69F6342E5E2AB29,c2pa://p0008
PS-P0009,P0009,tohfa://passport/P0009,955B73647F0BBE42,c2pa://p0009
PS-P0010,P0010,tohfa://passport/P0010,29CFDD24A2EEB454,c2pa://p0010
PS-P0011,P0011,tohfa://passport/P0011,D134955A7B928684,c2pa://p0011
PS-P0012,P0012,tohfa://passport/P0012,92545A102186D0F9,c2pa://p0012
PS-P0013,P0013,tohfa://passport/P0013,9F7C9E215EDFE6A4,c2pa://p0013
PS-P0014,P0014,tohfa://passport/P0014,AABC4B3A7E38E743,c2pa://p0014
PS-P0015,P0015,tohfa://passport/P0015,19CD75AA65FEF9F0,c2pa://p0015
PS-P0016,P0016,tohfa://passport/P0016,2CE76B119FF903D4,c2pa://p0016
PS-P0017,P0017,tohfa://passport/P0017,8BCB1C16B92CE834,c2pa://p0017
PS-P0018,P0018,tohfa://passport/P0018,3CBAB46C1114AFE4,c2pa://p0018
PS-P0019,P0019,tohfa://passport/P0019,4AA5C9AF9F0BA3D9,c2pa://p0019
PS-P0020,P0020,tohfa://passport/P0020,0F871F5C471360EA,c2pa://p0020
PS-P0021,P0021,tohfa://passport/P0021,D4D6DF146AFCA5EA,c2pa://p0021
PS-P0022,P0022,tohfa://passport/P0022,B8F67897996FAFB8,c2pa://p0022
PS-P0023,P0023,tohfa://passport/P0023,93CCB49192BE8F66,c2pa://p0023
PS-P0024,P0024,tohfa://passport/P0024,88437717713DAF34,c2pa://p0024
PS-P0025,P0025,tohfa://passport/P0025,05DFF69A912715D5,c2pa://p0025
PS-P0026,P0026,tohfa://passport/P0026,1CF591093A9EF4E8,c2pa://p0026
PS-P0027,P0027,tohfa://passport/P0027,63A5E850A965CDA2,c2pa://p0027
PS-P0028,P0028,tohfa://passport/P0028,C354FA708C7E8A90,c2pa://p0028
PS-P0029,P0029,tohfa://passport/P0029,8B713E95C939B774,c2pa://p0029
PS-P0030,P0030,tohfa://passport/P0030,F4EBDF672EB23164,c2pa://p0030
PS-P0031,P0031,tohfa://passport/P0031,5AE36F2E1E4DE1E9,c2pa://p0031
PS-P0032,P0032,tohfa://passport/P0032,0C80621DB212F19D,c2pa://p0032
PS-P0033,P0033,tohfa://passport/P0033,54DBCECC24B35C47,c2pa://p0033
PS-P0034,P0034,tohfa://passport/P0034,009EDC77EB48631D,c2pa://p0034
PS-P0035,P0035,tohfa://passport/P0035,076231E171CE7614,c2pa://p0035
PS-P0036,P0036,tohfa://passport/P0036,97AA7947D9815DF1,c2pa://p0036
PS-P0037,P0037,tohfa://passport/P0037,BCADD49C5F7794E1,c2pa://p0037
PS-P0038,P0038,tohfa://passport/P0038,DD4C786A2EB2618C,c2pa://p0038
PS-P0039,P0039,tohfa://passport/P0039,1266F6A90663F76C,c2pa://p0039
PS-P0040,P0040,tohfa://passport/P0040,7A9CEB98BFE3FA6B,c2pa://p0040
PS-P0041,P0041,tohfa://passport/P0041,AD17408D946A7C7F,c2pa://p0041
PS-P0042,P0042,tohfa://passport/P0042,A8FFE5B54F511210,c2pa://p0042
PS-P0043,P0043,tohfa://passport/P0043,D472406EB1FF00D0,c2pa://p0043
PS-P0044,P0044,tohfa://passport/P0044,0890D5334768B8C2,c2pa://p0044
PS-P0045,P0045,tohfa://passport/P0045,BCE779212CCCF105,c2pa://p0045
PS-P0046,P0046,tohfa://passport/P0046,2FDA3176F812815A,c2pa://p0046
PS-P0047,P0047,tohfa://passport/P0047,064C2957CAC42B13,c2pa://p0047
PS-P0048,P0048,tohfa://passport/P0048,D72ACA08EF7BCD5C,c2pa://p0048
PS-P0049,P0049,tohfa://passport/P0049,2972284C4CAB3209,c2pa://p0049
PS-P0050,P0050,tohfa://passport/P0050,EB83425DED302B2A,c2pa://p0050
PS-P0051,P0051,tohfa://passport/P0051,C09DC275C54898F4,c2pa://p0051
PS-P0052,P0052,tohfa://passport/P0052,25D8D9F2B87F6E34,c2pa://p0052
PS-P0053,P0053,tohfa://passport/P0053,90CACAEAD49A6FA5,c2pa://p0053
PS-P0054,P0054,tohfa://passport/P0054,CA9F7AC8CB3650E6,c2pa://p0054
PS-P0055,P0055,tohfa://passport/P0055,E92DF49784DC2EFC,c2pa://p0055
PS-P0056,P0056,tohfa://passport/P0056,D1B237B51CAD3038,c2pa://p0056
PS-P0057,P0057,tohfa://passport/P0057,77EBCE4B0F39D234,c2pa://p0057
PS-P0058,P0058,tohfa://passport/P0058,B9AE6FBF3EEA2913,c2pa://p0058
PS-P0059,P0059,tohfa://passport/P0059,0A35755ADE7C55DC,c2pa://p0059
PS-P0060,P0060,tohfa://passport/P0060,06EDC0668235BA6E,c2pa://p0060
PS-P0061,P0061,tohfa://passport/P0061,38FACC3BBE5924A3,c2pa://p0061
PS-P0062,P0062,tohfa://passport/P0062,7935B4CD4CD5F55F,c2pa://p0062
PS-P0063,P0063,tohfa://passport/P0063,945AE1B0F46CFDFD,c2pa://p0063
PS-P0064,P0064,tohfa://passport/P0064,EF5207918795EF33,c2pa://p0064
PS-P0065,P0065,tohfa://passport/P0065,8B1E6D3791E8B2E3,c2pa://p0065
PS-P0066,P0066,tohfa://passport/P0066,76BD54661B85A998,c2pa://p0066
PS-P0067,P0067,tohfa://passport/P0067,34D184474A7CF48D,c2pa://p0067
PS-P0068,P0068,tohfa://passport/P0068,CE22C8BEFA02EB2C,c2pa://p0068
PS-P0069,P0069,tohfa://passport/P0069,6D6F8A9A4FA113E0,c2pa://p0069
PS-P0070,P0070,tohfa://passport/P0070,35EE0D649582B82B,c2pa://p0070
PS-P0071,P0071,tohfa://passport/P0071,51C97D2306F247E0,c2pa://p0071
PS-P0072,P0072,tohfa://passport/P0072,0A3D4F27C233AB94,c2pa://p0072
PS-P0073,P0073,tohfa://passport/P0073,C44205EB64DE6234,c2pa://p0073
PS-P0074,P0074,tohfa://passport/P0074,3CBDA4782790966C,c2pa://p0074
PS-P0075,P0075,tohfa://passport/P0075,917FC37F20BA4CDB,c2pa://p0075
PS-P0076,P0076,tohfa://passport/P0076,5F20208611C9DDC2,c2pa://p0076
PS-P0077,P0077,tohfa://passport/P0077,4829264AC29D7172,c2pa://p0077
PS-P0078,P0078,tohfa://passport/P0078,D3E19530405FB85B,c2pa://p0078
PS-P0079,P0079,tohfa://passport/P0079,4830AD8282FEB1F5,c2pa://p0079
PS-P0080,P0080,tohfa://passport/P0080,B5833701071FBC45,c2pa://p0080
PS-P0081,P0081,tohfa://passport/P0081,1D7A7DA82B31571C,c2pa://p0081
PS-P0082,P0082,tohfa://passport/P0082,2E99A2E0B6997EBF,c2pa://p0082
PS-P0083,P0083,tohfa://passport/P0083,6740D07B0A0C9367,c2pa://p0083
PS-P0084,P0084,tohfa://passport/P0084,DF148217DBE234C2,c2pa://p0084
PS-P0085,P0085,tohfa://passport/P0085,1D4798ACAAE87264,c2pa://p0085
PS-P0086,P0086,tohfa://passport/P0086,3435EEAD3B6E9E83,c2pa://p0086
PS-P0087,P0087,tohfa://passport/P0087,25916A427BC19850,c2pa://p0087
PS-P0088,P0088,tohfa://passport/P0088,CE73E34301746CB2,c2pa://p0088
PS-P0089,P0089,tohfa://passport/P0089,82026E42A31E15DC,c2pa://p0089
PS-P0090,P0090,tohfa://passport/P0090,F0CD5B6588E4179F,c2pa://p0090
PS-P0091,P0091,tohfa://passport/P0091,DF128C4D670CBFFB,c2pa://p0091
PS-P0092,P0092,tohfa://passport/P0092,AC850A7081FB7537,c2pa://p0092
PS-P0093,P0093,tohfa://passport/P0093,7817CB557AB0B46F,c2pa://p0093
PS-P0094,P0094,tohfa://passport/P0094,95F121770F0A64A5,c2pa://p0094
PS-P0095,P0095,tohfa://passport/P0095,A10443B2BC3A9A45,c2pa://p0095
PS-P0096,P0096,tohfa://passport/P0096,DFA5B75C99450C15,c2pa://p0096
PS-P0097,P0097,tohfa://passport/P0097,A73F4A27BA52AE08,c2pa://p0097
PS-P0098,P0098,tohfa://passport/P0098,672B8301CED5DFCB,c2pa://p0098
PS-P0099,P0099,tohfa://passport/P0099,C3F75E2190A832A5,c2pa://p0099
PS-P0100,P0100,tohfa://passport/P0100,C522AF0D5D513A66,c2pa://p0100
PS-P0101,P0101,tohfa://passport/P0101,D899731CF41B0D29,c2pa://p0101
PS-P0102,P0102,tohfa://passport/P0102,F6306592F39CFF82,c2pa://p0102
PS-P0103,P0103,tohfa://passport/P0103,C5BCB5E18EE87814,c2pa://p0103
PS-P0104,P0104,tohfa://passport/P0104,32BD71CDF7F92C14,c2pa://p0104
PS-P0105,P0105,tohfa://passport/P0105,3E556641D2D648A2,c2pa://p0105
PS-P0106,P0106,tohfa://passport/P0106,2CCA8E0D3D443339,c2pa://p0106
PS-P0107,P0107,tohfa://passport/P0107,BD8CFF158C4C1CA7,c2pa://p0107
PS-P0108,P0108,tohfa://passport/P0108,1F8B0A998F3749EA,c2pa://p0108
PS-P0109,P0109,tohfa://passport/P0109,8D26E6DFB1529C40,c2pa://p0109
PS-P0110,P0110,tohfa://passport/P0110,566171E1B68BEC30,c2pa://p0110
PS-P0111,P0111,tohfa://passport/P0111,7BFE5FBB58290C15,c2pa://p0111
PS-P0112,P0112,tohfa://passport/P0112,67768D00F4507898,c2pa://p0112
PS-P0113,P0113,tohfa://passport/P0113,DCBE86E9C30B993F,c2pa://p0113
PS-P0114,P0114,tohfa://passport/P0114,2A8A8896471CA40F,c2pa://p0114
PS-P0115,P0115,tohfa://passport/P0115,98DCC16A7FB95593,c2pa://p0115
PS-P0116,P0116,tohfa://passport/P0116,F485A27B79DAB89E,c2pa://p0116
PS-P0117,P0117,tohfa://passport/P0117,3F12F63C9D1446AD,c2pa://p0117
PS-P0118,P0118,tohfa://passport/P0118,E4A52FA5A10E8655,c2pa://p0118
PS-P0119,P0119,tohfa://passport/P0119,F24DDCDFC016B0A6,c2pa://p0119
PS-P0120,P0120,tohfa://passport/P0120,0077B943C952199E,c2pa://p0120
PS-P0121,P0121,tohfa://passport/P0121,AD4AFB65C0774605,c2pa://p0121
PS-P0122,P0122,tohfa://passport/P0122,3B1C8113013DEC38,c2pa://p0122
PS-P0123,P0123,tohfa://passport/P0123,F4609D384D33933F,c2pa://p0123
PS-P0124,P0124,tohfa://passport/P0124,6686BD951F6FA700,c2pa://p0124
PS-P0125,P0125,tohfa://passport/P0125,23F422387E98E135,c2pa://p0125
PS-P0126,P0126,tohfa://passport/P0126,19BAD331045ABE82,c2pa://p0126
PS-P0127,P0127,tohfa://passport/P0127,BA53CCE8CFD53415,c2pa://p0127
PS-P0128,P0128,tohfa://passport/P0128,3DFE5CB04FF3DE12,c2pa://p0128
PS-P0129,P0129,tohfa://passport/P0129,8A07A3D7FBC4105F,c2pa://p0129
PS-P0130,P0130,tohfa://passport/P0130,F52FA7A817CC72EE,c2pa://p0130
PS-P0131,P0131,tohfa://passport/P0131,E2FEA3F03CD10296,c2pa://p0131
PS-P0132,P0132,tohfa://passport/P0132,EAB17EAFBE3370AB,c2pa://p0132
PS-P0133,P0133,tohfa://passport/P0133,9B315F4D38663C6E,c2pa://p0133
PS-P0134,P0134,tohfa://passport/P0134,6A3D13EE4F01DF55,c2pa://p0134
PS-P0135,P0135,tohfa://passport/P0135,43CACD78CA9E44D9,c2pa://p0135
PS-P0136,P0136,tohfa://passport/P0136,A6669B45A3BFD9D0,c2pa://p0136
PS-P0137,P0137,tohfa://passport/P0137,30C4116859841961,c2pa://p0137
PS-P0138,P0138,tohfa://passport/P0138,BE37C791CCDA1086,c2pa://p0138
PS-P0139,P0139,tohfa://passport/P0139,E7B669E52553C1D8,c2pa://p0139
PS-P0140,P0140,tohfa://passport/P0140,84580AE414A19FB2,c2pa://p0140
PS-P0141,P0141,tohfa://passport/P0141,A7525DC2B76AAB96,c2pa://p0141
PS-P0142,P0142,tohfa://passport/P0142,F03BE771AC3C890B,c2pa://p0142
PS-P0143,P0143,tohfa://passport/P0143,EF196A2350266D36,c2pa://p0143
PS-P0144,P0144,tohfa://passport/P0144,D240EA122158278D,c2pa://p0144
PS-P0145,P0145,tohfa://passport/P0145,CECDA0C30212B399,c2pa://p0145
PS-P0146,P0146,tohfa://passport/P0146,29ECC0F574C949B0,c2pa://p0146
PS-P0147,P0147,tohfa://passport/P0147,4310C296B6D45578,c2pa://p0147
PS-P0148,P0148,tohfa://passport/P0148,6351E292836FAB47,c2pa://p0148
PS-P0149,P0149,tohfa://passport/P0149,3926AFEA94BAD50A,c2pa://p0149
PS-P0150,P0150,tohfa://passport/P0150,77D8B4AFEEB9F352,c2pa://p0150
PS-P0151,P0151,tohfa://passport/P0151,84682200C618F4BC,c2pa://p0151
PS-P0152,P0152,tohfa://passport/P0152,794E2CB0754E554F,c2pa://p0152
PS-P0153,P0153,tohfa://passport/P0153,B17F728B716BCFE1,c2pa://p0153
PS-P0154,P0154,tohfa://passport/P0154,1A3885CCB28C7CBB,c2pa://p0154
PS-P0155,P0155,tohfa://passport/P0155,FF04E57286455B37,c2pa://p0155
PS-P0156,P0156,tohfa://passport/P0156,DA3FFF65D0714541,c2pa://p0156
PS-P0157,P0157,tohfa://passport/P0157,41585C0926EFF57D,c2pa://p0157
PS-P0158,P0158,tohfa://passport/P0158,4585AE27CC4306D4,c2pa://p0158
PS-P0159,P0159,tohfa://passport/P0159,35F132F40DDB1D7F,c2pa://p0159
PS-P0160,P0160,tohfa://passport/P0160,CB3D48F729D86003,c2pa://p0160
PS-P0161,P0161,tohfa://passport/P0161,0C6ADB34D88DB8C6,c2pa://p0161
PS-P0162,P0162,tohfa://passport/P0162,DF5BF89BC437E536,c2pa://p0162
PS-P0163,P0163,tohfa://passport/P0163,CA15C024FD2287B2,c2pa://p0163
PS-P0164,P0164,tohfa://passport/P0164,1CC915FE06961751,c2pa://p0164
PS-P0165,P0165,tohfa://passport/P0165,B70528CBCC60229B,c2pa://p0165
PS-P0166,P0166,tohfa://passport/P0166,B876EC085D329A38,c2pa://p0166
PS-P0167,P0167,tohfa://passport/P0167,8ECF7AEE0F382C77,c2pa://p0167
PS-P0168,P0168,tohfa://passport/P0168,ADB08792CA25FAB6,c2pa://p0168
PS-P0169,P0169,tohfa://passport/P0169,856F67786767B433,c2pa://p0169
PS-P0170,P0170,tohfa://passport/P0170,2F01FBAF8F58C741,c2pa://p0170
PS-P0171,P0171,tohfa://passport/P0171,DF1BC5E3EA006C3A,c2pa://p0171
PS-P0172,P0172,tohfa://passport/P0172,B85878FAB5FD6DBB,c2pa://p0172
PS-P0173,P0173,tohfa://passport/P0173,C8E547387DC644F0,c2pa://p0173
PS-P0174,P0174,tohfa://passport/P0174,5DF4AF981C35168F,c2pa://p0174
PS-P0175,P0175,tohfa://passport/P0175,3EA8BB8B0D3B659B,c2pa://p0175
PS-P0176,P0176,tohfa://passport/P0176,AFE2C9E45ADC225A,c2pa://p0176
PS-P0177,P0177,tohfa://passport/P0177,7AA98C8EBED55047,c2pa://p0177
PS-P0178,P0178,tohfa://passport/P0178,8265C332F10C2384,c2pa://p0178
PS-P0179,P0179,tohfa://passport/P0179,2C9779E44501BAFE,c2pa://p0179
PS-P0180,P0180,tohfa://passport/P0180,8E45ED9BF72E9BD8,c2pa://p0180
PS-P0181,P0181,tohfa://passport/P0181,49004B9F0FF90D97,c2pa://p0181
PS-P0182,P0182,tohfa://passport/P0182,0B6DDC75CC782D78,c2pa://p0182
PS-P0183,P0183,tohfa://passport/P0183,98D625493EE8F6A0,c2pa://p0183
PS-P0184,P0184,tohfa://passport/P0184,41053984E07240F6,c2pa://p0184
PS-P0185,P0185,tohfa://passport/P0185,AD9FBE1A2418C2F5,c2pa://p0185
PS-P0186,P0186,tohfa://passport/P0186,68C037CE716E36FC,c2pa://p0186
PS-P0187,P0187,tohfa://passport/P0187,9A5138F96B1637DA,c2pa://p0187
PS-P0188,P0188,tohfa://passport/P0188,0583C701F4B275F2,c2pa://p0188
PS-P0189,P0189,tohfa://passport/P0189,A11B434F7ABE60CB,c2pa://p0189
PS-P0190,P0190,tohfa://passport/P0190,481FE9F65BAE8524,c2pa://p0190
PS-P0191,P0191,tohfa://passport/P0191,E98BE0C50B7A2C6F,c2pa://p0191
PS-P0192,P0192,tohfa://passport/P0192,49ADA332145163F6,c2pa://p0192
PS-P0193,P0193,tohfa://passport/P0193,31CF81B7206F2E1B,c2pa://p0193
PS-P0194,P0194,tohfa://passport/P0194,DB1812926337C667,c2pa://p0194
PS-P0195,P0195,tohfa://passport/P0195,5D3BED355CA5EBAA,c2pa://p0195
PS-P0196,P0196,tohfa://passport/P0196,BDDA76C8BEEC0190,c2pa://p0196
PS-P0197,P0197,tohfa://passport/P0197,490976A08431EB44,c2pa://p0197
PS-P0198,P0198,tohfa://passport/P0198,8B77892C62AF5F39,c2pa://p0198
PS-P0199,P0199,tohfa://passport/P0199,1C21ABDD370C191A,c2pa://p0199
PS-P0200,P0200,tohfa://passport/P0200,4A741CE27D9C44A2,c2pa://p0200
